<?xml version="1.0" encoding="UTF-8"?><Program variant="0"><MainClass variant="0"><SetOfNewline variant="1"/><Main/><Colon/><Newline/><SetOfSteps variant="0"><Step variant="0"><StepLine variant="1"><StepNumber variant="0"><Stepliteral/><Integer>1</Integer></StepNumber><Colon/><IfStmt variant="0"><If/><There/><Is/><ObjectExpr variant="3"><Button/><With/><Value/><String_literal>Google Search</String_literal></ObjectExpr><Stmt variant="4"><Enter/><String_literal>test</String_literal><Into/><ObjectExpr variant="2"><Textfield/><With/><Attribute/><String_literal>Search</String_literal></ObjectExpr></Stmt><OtherwiseStmt variant="0"><Otherwise/><Stmt variant="6"><Click/><ObjectExpr variant="3"><Button/><With/><Value/><String_literal>Google</String_literal></ObjectExpr></Stmt></OtherwiseStmt></IfStmt><Pipe/><Result variant="1"/></StepLine><SetOfNewline variant="0"><Newline/></SetOfNewline></Step></SetOfSteps></MainClass><SetOfFunction variant="1"/></Program>