<?xml version="1.0" encoding="UTF-8"?><Program variant="0"><MainClass variant="0"><SetOfNewline variant="1"/><Main/><Colon/><Newline/><SetOfSteps variant="0"><Step variant="0"><StepLine variant="0"><StepNumber variant="0"><Stepliteral/><Integer>1</Integer></StepNumber><Colon/><Stmt variant="4"><Enter/><String_literal>test</String_literal><Into/><ObjectExpr variant="2"><Textfield/><With/><Attribute/><String_literal>Search</String_literal></ObjectExpr></Stmt><Pipe/><Result variant="0"><ObjectExpr variant="2"><Textfield/><With/><Attribute/><String_literal>Search</String_literal></ObjectExpr><ShouldPhrase variant="0"><Should/><Have/><Value/><String_literal>test</String_literal></ShouldPhrase></Result></StepLine><SetOfNewline variant="0"><Newline/></SetOfNewline></Step><Step variant="0"><StepLine variant="0"><StepNumber variant="0"><Stepliteral/><Integer>2</Integer></StepNumber><Colon/><Stmt variant="6"><Click/><ObjectExpr variant="3"><Button/><With/><Value/><String_literal>Google Search</String_literal></ObjectExpr></Stmt><Pipe/><Result variant="1"/></StepLine><SetOfNewline variant="1"/></Step></SetOfSteps></MainClass><SetOfFunction variant="1"/></Program>