<?xml version="1.0" encoding="UTF-8"?><Program variant="0"><MainClass variant="0"><SetOfNewline variant="1"/><Main/><Colon/><Newline/><SetOfSteps variant="0"><Step variant="0"><StepLine variant="0"><StepNumber variant="0"><Stepliteral/><Integer>1</Integer></StepNumber><Colon/><Stmt variant="2"><Go/><To/><URL>http://stackoverflow.com/</URL></Stmt><Pipe/><Result variant="0"><ObjectExpr variant="5"><LocalityIndic/><URL_Literal/></ObjectExpr><ShouldPhrase variant="2"><Should/><Be/><URL>http://www.youtube.com/</URL></ShouldPhrase></Result></StepLine><SetOfNewline variant="0"><Newline/></SetOfNewline></Step><Step variant="0"><StepLine variant="0"><StepNumber variant="0"><Stepliteral/><Integer>2</Integer></StepNumber><Colon/><Stmt variant="4"><Enter/><String_literal>test</String_literal><Into/><ObjectExpr variant="2"><Textfield/><With/><Attribute/><String_literal>Search</String_literal></ObjectExpr></Stmt><Pipe/><Result variant="0"><ObjectExpr variant="2"><Textfield/><With/><Attribute/><String_literal>Search</String_literal></ObjectExpr><ShouldPhrase variant="0"><Should/><Have/><Value/><String_literal>test</String_literal></ShouldPhrase></Result></StepLine><SetOfNewline variant="0"><Newline/></SetOfNewline></Step><Step variant="0"><StepLine variant="1"><StepNumber variant="0"><Stepliteral/><Integer>3</Integer></StepNumber><Colon/><IfStmt variant="0"><If/><There/><Is/><ObjectExpr variant="3"><Button/><With/><Value/><String_literal>Google Search</String_literal></ObjectExpr><Stmt variant="3"><Go/><To/><StepNumber variant="0"><Stepliteral/><Integer>5</Integer></StepNumber></Stmt><OtherwiseStmt variant="0"><Otherwise/><Stmt variant="3"><Go/><To/><StepNumber variant="0"><Stepliteral/><Integer>4</Integer></StepNumber></Stmt></OtherwiseStmt></IfStmt><Pipe/><Result variant="1"/></StepLine><SetOfNewline variant="0"><Newline/></SetOfNewline></Step><Step variant="0"><StepLine variant="0"><StepNumber variant="0"><Stepliteral/><Integer>4</Integer></StepNumber><Colon/><Exit/><Pipe/><Result variant="1"/></StepLine><SetOfNewline variant="0"><Newline/></SetOfNewline></Step><Step variant="0"><StepLine variant="0"><StepNumber variant="0"><Stepliteral/><Integer>5</Integer></StepNumber><Colon/><Stmt variant="6"><Click/><ObjectExpr variant="3"><Button/><With/><Value/><String_literal>Google</String_literal></ObjectExpr></Stmt><Pipe/><Result variant="0"><ObjectExpr variant="1"><LocalityIndic/><Webpage/></ObjectExpr><ShouldPhrase variant="1"><Should/><Contain/><String_literal>Test - Wikipedia</String_literal></ShouldPhrase></Result></StepLine><SetOfNewline variant="0"><Newline/></SetOfNewline></Step><Step variant="0"><StepLine variant="0"><StepNumber variant="0"><Stepliteral/><Integer>6</Integer></StepNumber><Colon/><Stmt variant="7"><Refresh/><ObjectExpr variant="1"><LocalityIndic/><Webpage/></ObjectExpr></Stmt><Pipe/><Result variant="0"><ObjectExpr variant="5"><LocalityIndic/><URL_Literal/></ObjectExpr><ShouldPhrase variant="2"><Should/><Be/><URL>http://www.youtube.com/</URL></ShouldPhrase></Result></StepLine><SetOfNewline variant="0"><Newline/></SetOfNewline></Step><Step variant="0"><StepLine variant="0"><StepNumber variant="0"><Stepliteral/><Integer>7</Integer></StepNumber><Colon/><Stmt variant="0"><Do/><StepNumber variant="0"><Stepliteral/><Integer>6</Integer></StepNumber><IntegerTime variant="0"><Integer>10</Integer><Time/></IntegerTime></Stmt><Pipe/><Result variant="1"/></StepLine><SetOfNewline variant="0"><Newline/></SetOfNewline></Step><Step variant="0"><StepLine variant="0"><StepNumber variant="0"><Stepliteral/><Integer>8</Integer></StepNumber><Colon/><Stmt variant="1"><Do/><Id>refreshwebpage</Id><IntegerTime variant="0"><Integer>5</Integer><Time/></IntegerTime></Stmt><Pipe/><Result variant="1"/></StepLine><SetOfNewline variant="0"><Newline/></SetOfNewline></Step><Step variant="0"><StepLine variant="0"><StepNumber variant="0"><Stepliteral/><Integer>9</Integer></StepNumber><Colon/><Stmt variant="5"><Enter/><IntegerExpr variant="2"><Number/><From/><ObjectExpr variant="2"><Textfield/><With/><Attribute/><String_literal>InputA</String_literal></ObjectExpr><Minus/><Number/><From/><ObjectExpr variant="2"><Textfield/><With/><Attribute/><String_literal>InputB</String_literal></ObjectExpr></IntegerExpr><Into/><ObjectExpr variant="2"><Textfield/><With/><Attribute/><String_literal>Search</String_literal></ObjectExpr></Stmt><Pipe/><Result variant="1"/></StepLine><SetOfNewline variant="0"><Newline/></SetOfNewline></Step><Step variant="0"><StepLine variant="0"><StepNumber variant="0"><Stepliteral/><Integer>10</Integer></StepNumber><Colon/><Stmt variant="4"><Enter/><StringExpr variant="2"><Text/><From/><ObjectExpr variant="2"><Textfield/><With/><Attribute/><String_literal>InputA</String_literal></ObjectExpr><Plus/><Text/><From/><ObjectExpr variant="2"><Textfield/><With/><Attribute/><String_literal>InputB</String_literal></ObjectExpr></StringExpr><Into/><ObjectExpr variant="2"><Textfield/><With/><Attribute/><String_literal>Search</String_literal></ObjectExpr></Stmt><Pipe/><Result variant="1"/></StepLine><SetOfNewline variant="0"><Newline/><Newline/></SetOfNewline></Step></SetOfSteps></MainClass><SetOfFunction variant="0"><Function variant="0"><ID>refreshwebpage</ID><Colon/><Newline/><SetOfSteps variant="0"><Step variant="0"><StepLine variant="0"><StepNumber variant="0"><Stepliteral/><Integer>1</Integer></StepNumber><Colon/><Stmt variant="7"><Refresh/><ObjectExpr variant="1"><LocalityIndic/><Webpage/></ObjectExpr></Stmt><Pipe/><Result variant="0"><ObjectExpr variant="5"><LocalityIndic/><URL_Literal/></ObjectExpr><ShouldPhrase variant="2"><Should/><Be/><URL>http://www.youtube.com/</URL></ShouldPhrase></Result></StepLine><SetOfNewline variant="0"><Newline/></SetOfNewline></Step></SetOfSteps></Function></SetOfFunction></Program>