<?xml version="1.0" encoding="UTF-8"?><Program variant="0"><MainClass variant="0"><SetOfNewline variant="1"/><Main/><Colon/><Newline/><SetOfSteps variant="0"><Step variant="0"><StepLine variant="0"><StepNumber variant="0"><Stepliteral/><Integer>1</Integer></StepNumber><Colon/><Stmt variant="5"><Enter/><IntegerExpr variant="2"><Number/><From/><ObjectExpr variant="2"><Textfield/><With/><Attribute/><String_literal>InputA</String_literal></ObjectExpr><Minus/><Number/><From/><ObjectExpr variant="2"><Textfield/><With/><Attribute/><String_literal>InputB</String_literal></ObjectExpr></IntegerExpr><Into/><ObjectExpr variant="2"><Textfield/><With/><Attribute/><String_literal>Search</String_literal></ObjectExpr></Stmt><Pipe/><Result variant="1"/></StepLine><SetOfNewline variant="1"/></Step></SetOfSteps></MainClass><SetOfFunction variant="1"/></Program>