<?xml version="1.0" encoding="UTF-8"?><Program variant="0"><MainClass variant="0"><SetOfNewline variant="1"/><Main/><Colon/><Newline/><SetOfSteps variant="0"><Step variant="0"><StepLine variant="0"><StepNumber variant="0"><Stepliteral/><Integer>1</Integer></StepNumber><Colon/><Stmt variant="6"><Click/><ObjectExpr variant="3"><Button/><With/><Value/><String_literal>Google</String_literal></ObjectExpr></Stmt><Pipe/><Result variant="0"><ObjectExpr variant="5"><LocalityIndic/><URL_Literal/></ObjectExpr><ShouldPhrase variant="2"><Should/><Be/><URL>http://www.google.ca/</URL></ShouldPhrase></Result></StepLine><SetOfNewline variant="0"><Newline/></SetOfNewline></Step></SetOfSteps></MainClass><SetOfFunction variant="1"/></Program>