<?xml version="1.0" encoding="UTF-8"?><Program variant="0"><MainClass variant="0"><SetOfNewline variant="1"/><Main/><Colon/><Newline/><SetOfSteps variant="0"><Step variant="0"><StepLine variant="0"><StepNumber variant="0"><Stepliteral/><Integer>1</Integer></StepNumber><Colon/><Stmt variant="1"><Do/><Id>refreshwebpage</Id><IntegerTime variant="1"/></Stmt><Pipe/><Result variant="1"/></StepLine><SetOfNewline variant="0"><Newline/><Newline/></SetOfNewline></Step></SetOfSteps></MainClass><SetOfFunction variant="0"><Function variant="0"><ID>refreshwebpage</ID><Colon/><Newline/><SetOfSteps variant="0"><Step variant="0"><StepLine variant="0"><StepNumber variant="0"><Stepliteral/><Integer>1</Integer></StepNumber><Colon/><Stmt variant="7"><Refresh/><ObjectExpr variant="1"><LocalityIndic/><Webpage/></ObjectExpr></Stmt><Pipe/><Result variant="1"/></StepLine><SetOfNewline variant="1"/></Step></SetOfSteps></Function></SetOfFunction></Program>