<?xml version="1.0" encoding="UTF-8"?><Program variant="0"><MainClass variant="0"><SetOfNewline variant="1"/><Main/><Colon/><Newline/><SetOfSteps variant="0"><Step variant="0"><StepLine variant="0"><StepNumber variant="0"><Stepliteral/><Integer>1</Integer></StepNumber><Colon/><Stmt variant="6"><Click/><ObjectExpr variant="3"><Button/><With/><Value/><String_literal>Google</String_literal></ObjectExpr></Stmt><Pipe/><Result variant="1"/></StepLine><SetOfNewline variant="0"><Newline/></SetOfNewline></Step><Step variant="0"><StepLine variant="0"><StepNumber variant="0"><Stepliteral/><Integer>2</Integer></StepNumber><Colon/><Stmt variant="0"><Do/><StepNumber variant="0"><Stepliteral/><Integer>1</Integer></StepNumber><IntegerTime variant="0"><Integer>5</Integer><Time/></IntegerTime></Stmt><Pipe/><Result variant="1"/></StepLine><SetOfNewline variant="1"/></Step></SetOfSteps></MainClass><SetOfFunction variant="1"/></Program>